workflow_id;
c7d9bdd2-b3f6-4635-bcf7-e67bb30747f7
c0faa830-1f2c-4111-8828-4f14c54e4b49
a7119049-ab69-4e54-a603-f000265f4e49
e3592add-3934-468d-aa93-06733a8466f2
a8e7eba5-b5a9-49ff-a9b1-fd0a6300640c
c2546e9e-1149-45ff-b46e-26c42f55b41d
cc0c1d14-36bf-40ba-a05a-6033b92efcc2
d56e396b-4fe8-4176-92c9-9cfa1cfda6cc
f7543a81-6c9a-4270-9ee5-cb45d80701d7
8c8048eb-c3d9-464f-9f5b-dd2cc4de99be
fc8b8ad1-8f4e-42ce-b64f-58e1c2e4218e
b9f6ff23-976e-4363-bb0a-ec8e18639f82
49c907d6-c207-4fbb-969f-5923c7577404
eae9d8f0-e5ed-4f8a-bd7f-1556d60f7c68
f73f5c3e-a391-499e-ba63-9b5ab51a6a87
923f752c-b15b-49bb-8a19-758b9ef5df87
392269d6-7904-453f-b08c-5d35d240896c
1e7966e9-d55a-4a4c-85ec-92f466f981fd
5a817795-0788-4ef7-8b49-d0a70836f190
d702c341-5082-481e-8406-5fa635670814
a32db135-ae1e-42b4-933c-62f338ea6f0e
7d1b9109-4d11-4126-b1c3-8e3bf77b7e5d
ba9a00bf-60a9-48cb-956d-ba3039841ac1
cc921f0c-accd-4980-9709-ca3e7309b5f1
01e5cb5e-776a-4cd5-ae2f-6484d4ff63f9
0cf0f797-02f8-4ab4-99ee-6a5b4169f762
31e86f51-9920-4ce4-aeb2-f55ac5ee29f3
0b415750-eb4e-4307-9d63-96b01591cb44